wavelength_nm,num_terms,formulation,truncation,metal_permittivity_real,metal_permittivity_imag,r_te_real,r_te_imag,R_te,runtime_seconds
400,841,fft,parallelogramic,-7.632,0.731,-0.7062211123137188,-0.5532423648786353,0.8048253737741312,17.205228024000462
405,841,fft,parallelogramic,-7.632,0.731,-0.7400962181116714,-0.5065562485251489,0.8043416449830711,15.830189538000923
410,841,fft,parallelogramic,-7.632,0.731,-0.7698748600715626,-0.4597375929914691,0.8040659545797977,13.964445538998916
415,841,fft,parallelogramic,-7.632,0.731,-0.7958270506971659,-0.4130831746492323,0.8039784037996375,14.163983058999293
420,841,fft,parallelogramic,-7.632,0.731,-0.8182222712104573,-0.3668412513505566,0.8040601887972415,15.418045877999248
425,841,fft,parallelogramic,-7.632,0.731,-0.8373251345171036,-0.3212169201884195,0.8042936907094191,14.112713799999256
430,841,fft,parallelogramic,-7.632,0.731,-0.8533921396638924,-0.27637723390489444,0.8046625194610372,15.205611411998689
435,841,fft,parallelogramic,-7.632,0.731,-0.8666693344654881,-0.23245598848190227,0.8051515218839503,13.746456058999684
440,841,fft,parallelogramic,-7.632,0.731,-0.8773907212823777,-0.189558130792643,0.8057467627420118,15.222957018999296
445,841,fft,parallelogramic,-7.632,0.731,-0.8857772611078333,-0.14776376326403146,0.8064354860296434,15.367066630999034
450,841,fft,parallelogramic,-7.632,0.731,-0.8920363514128181,-0.10713174198704548,0.8072060623830716,13.791105798001809
455,841,fft,parallelogramic,-7.632,0.731,-0.896361672267089,-0.06770287948752518,0.8080479274003546,13.708124056998713
460,841,fft,parallelogramic,-7.632,0.731,-0.8989333128592625,-0.02950277251172881,0.8089515145540075,13.612179027999446
465,841,fft,parallelogramic,-7.632,0.731,-0.8999181061579941,0.007455718966750902,0.8099081855363018,15.287666879001335
470,841,fft,parallelogramic,-7.632,0.731,-0.8994701131616842,0.043170312219276336,0.8109101603282028,14.181139329999496
475,841,fft,parallelogramic,-7.632,0.731,-0.8977312096890995,0.07764743116504333,0.811950448416384,15.344676767999772
480,841,fft,parallelogramic,-7.632,0.731,-0.8948317386642717,0.11090059468039651,0.813022782421389,13.817625014999066
485,841,fft,parallelogramic,-7.632,0.731,-0.8908911989051392,0.14294903469407572,0.8141215548066044,15.165834666999217
490,841,fft,parallelogramic,-7.632,0.731,-0.8860189483057774,0.17381651697998246,0.8152417583319285,14.318509523998728
495,841,fft,parallelogramic,-7.632,0.731,-0.8803149045173254,0.20353033951833066,0.8163789302197946,15.477410202000101
500,841,fft,parallelogramic,-7.632,0.731,-0.8738702310087683,0.23212048561703708,0.8175291004864071,13.796248652999566
505,841,fft,parallelogramic,-7.632,0.731,-0.8667679995673268,0.2596189113336363,0.8186887441960079,15.359064796000894
510,841,fft,parallelogramic,-7.632,0.731,-0.8590838232756394,0.2860589488353119,0.8198547376226535,14.052490903000944
515,841,fft,parallelogramic,-7.632,0.731,-0.8508864560811196,0.311474809600492,0.8210243181579497,15.415979924999192
520,841,fft,parallelogramic,-7.632,0.731,-0.8422383567891242,0.33590117314840895,0.8221950477693214,13.931311561998882
525,841,fft,parallelogramic,-7.632,0.731,-0.8331962165466679,0.3593728489389127,0.8233647798221523,13.882430130999637
530,841,fft,parallelogramic,-7.632,0.731,-0.8238114497850257,0.38192450056535965,0.8245316289290054,13.896506682000108
535,841,fft,parallelogramic,-7.632,0.731,-0.8141306494461829,0.40359042280277163,0.8256939437457834,15.389159057000143
540,841,fft,parallelogramic,-7.632,0.731,-0.8041960075652045,0.4244043635287902,0.826850282366092,15.284524791999502
545,841,fft,parallelogramic,-7.632,0.731,-0.7940457028592833,0.44439938337074536,0.8279993901695919,13.726457527000093
550,841,fft,parallelogramic,-7.632,0.731,-0.7837142569866933,0.4636077471557051,0.8291401798269928,15.208005943000899
555,841,fft,parallelogramic,-7.632,0.731,-0.7732328614002787,0.48206084200803445,0.8302717133467578,13.68892269800017
560,841,fft,parallelogramic,-7.632,0.731,-0.7626296766822445,0.4997891177196897,0.8313931859474906,15.23555905000103
565,841,fft,parallelogramic,-7.632,0.731,-0.7519301063394535,0.5168220455257833,0.8325039115611166,15.137524907000625
570,841,fft,parallelogramic,-7.632,0.731,-0.7411570468400612,0.5331880922710287,0.8336033098202997,15.309478404000401
575,841,fft,parallelogramic,-7.632,0.731,-0.7303311158497547,0.5489147070841205,0.8346908944315936,13.501768767000613
580,841,fft,parallelogramic,-7.632,0.731,-0.7194708602514086,0.5640283183884964,0.835766262695057,13.750792364000517
585,841,fft,parallelogramic,-7.632,0.731,-0.7085929457210323,0.5785543392421415,0.8368290861815207,14.135089699999298
590,841,fft,parallelogramic,-7.632,0.731,-0.6977123293338614,0.5925171793262922,0.8378791023012682,13.547763385999133
595,841,fft,parallelogramic,-7.632,0.731,-0.6868424166577456,0.6059402623558963,0.8389161068641847,14.905000372000359
600,841,fft,parallelogramic,-7.632,0.731,-0.6759952046784932,0.6188460475655269,0.8399399473357922,13.862004618000356
605,841,fft,parallelogramic,-7.632,0.731,-0.6651814117792156,0.6312560544297078,0.8409505168307527,13.578246120998301
610,841,fft,parallelogramic,-7.632,0.731,-0.6544105959396271,0.6431908897696594,0.8419477487607442,13.778866909999124
615,841,fft,parallelogramic,-7.632,0.731,-0.6436912622051949,0.6546702765475544,0.8429316120341683,15.319918978000715
620,841,fft,parallelogramic,-7.632,0.731,-0.6330309603516617,0.6657130838254031,0.8439021067400752,13.960734279000462
625,841,fft,parallelogramic,-7.632,0.731,-0.6224363736690528,0.676337357471689,0.8448592603780679,15.289444001999072
630,841,fft,parallelogramic,-7.632,0.731,-0.6119133996678467,0.6865603510681145,0.8458031243518346,15.229562872000315
635,841,fft,parallelogramic,-7.632,0.731,-0.6014672234074865,0.6963985569649378,0.8467337709763589,15.39669045699884
640,841,fft,parallelogramic,-7.632,0.731,-0.5911023841731323,0.7058677370215787,0.8476512907431258,15.125368771001376
645,841,fft,parallelogramic,-7.632,0.731,-0.5808228360550123,0.7149829529204461,0.8485557898498285,15.148384324998915
650,841,fft,parallelogramic,-7.632,0.731,-0.5706320030218953,0.7237585959368348,0.8494473880652389,15.145395719999215
655,841,fft,parallelogramic,-7.632,0.731,-0.5605328289913395,0.7322084159623882,0.850326216783184,15.185912048998944
660,841,fft,parallelogramic,-7.632,0.731,-0.5505278233418254,0.7403455497302069,0.8511924172788103,15.184756321999885
665,841,fft,parallelogramic,-7.632,0.731,-0.5406191022741276,0.7481825482256586,0.8520461392131236,15.180532344998937
670,841,fft,parallelogramic,-7.632,0.731,-0.5308084264602545,0.7557314031036501,0.852887539238223,15.210442059000343
675,841,fft,parallelogramic,-7.632,0.731,-0.5210972352381259,0.7630035722079339,0.8537167797748865,15.31814836400008
680,841,fft,parallelogramic,-7.632,0.731,-0.5114866777159439,0.7700100041386692,0.8545340279545272,15.155325198000355
685,841,fft,parallelogramic,-7.632,0.731,-0.5019776410829042,0.7767611618238138,0.855339454665038,14.006670171000223
690,841,fft,parallelogramic,-7.632,0.731,-0.4925707763275383,0.7832670451251948,0.8561332336710679,14.104647416999796
695,841,fft,parallelogramic,-7.632,0.731,-0.48326652165115924,0.7895372125178466,0.8569155408992616,15.293176732000575
700,841,fft,parallelogramic,-7.632,0.731,-0.47406512374248494,0.7955808018022491,0.857686553745287,15.222169728000154
